Name,Age,Country,Gender,Job Title
James Davis,36,Japan,Non-Binary,Project Manager
David Davis,48,Australia,Female,Project Manager
Sophia Hernandez,36,South Africa,Male,Doctor
Daniel Jones,42,France,Non-Binary,Data Analyst
Chris Martinez,24,Japan,Non-Binary,Software Engineer
Joseph Smith,62,India,Non-Binary,Sales Executive
Isabella Brown,61,Australia,Female,Sales Executive
John Miller,20,Germany,Male,Software Engineer
Daniel Johnson,44,USA,Male,Marketing Specialist
Anna Jones,20,Germany,Non-Binary,Marketing Specialist
Daniel Johnson,45,Canada,Male,Product Manager
Mia Williams,19,Brazil,Male,Project Manager
Chris Hernandez,46,France,Non-Binary,Sales Executive
Olivia Martinez,53,Canada,Male,Sales Executive
Anna Williams,63,Canada,Female,Doctor
David Johnson,52,India,Female,Doctor
Sophia Brown,33,Canada,Male,Project Manager
Joseph Miller,33,India,Non-Binary,Software Engineer
Laura Jones,61,Canada,Male,Data Analyst
David Brown,32,India,Non-Binary,Software Engineer
Joseph Jones,45,Canada,Male,Marketing Specialist
Michael Smith,64,Japan,Female,Project Manager
Daniel Jones,44,Japan,Male,Doctor
Andrew Garcia,26,South Africa,Male,Graphic Designer
Anna Garcia,48,France,Female,Marketing Specialist
Joseph Garcia,31,USA,Male,Nurse
Joseph Garcia,48,France,Female,Doctor
James Davis,52,India,Female,Product Manager
Andrew Williams,38,Brazil,Non-Binary,Graphic Designer
Isabella Jones,55,Germany,Male,Teacher
Andrew Johnson,21,India,Male,Software Engineer
Chris Martinez,59,USA,Non-Binary,Marketing Specialist
Matthew Johnson,64,Australia,Female,Software Engineer
David Jones,49,India,Non-Binary,Project Manager
Joseph Davis,42,Australia,Female,Product Manager
Emma Miller,53,Canada,Non-Binary,Doctor
Mia Smith,47,USA,Female,Project Manager
Daniel Johnson,52,France,Female,Nurse
Ava Davis,39,India,Female,Sales Executive
Emma Garcia,38,Brazil,Male,Software Engineer
Isabella Davis,59,Germany,Male,Sales Executive
Sophia Smith,58,Germany,Non-Binary,Doctor
Ava Smith,52,India,Non-Binary,Product Manager
Chris Miller,32,Australia,Female,Marketing Specialist
Chris Garcia,43,UK,Female,Project Manager
Joseph Brown,57,India,Non-Binary,Nurse
Laura Davis,57,Canada,Non-Binary,Data Analyst
Olivia Garcia,46,USA,Male,Doctor
James Williams,60,Japan,Male,Teacher
Isabella Williams,57,South Africa,Female,Graphic Designer
Anna Garcia,22,Japan,Male,Sales Executive
Isabella Martinez,34,South Africa,Female,Doctor
Sophia Miller,63,South Africa,Male,Product Manager
Matthew Williams,20,India,Male,Doctor
Laura Davis,37,France,Non-Binary,Sales Executive
James Miller,52,Canada,Male,Doctor
David Garcia,32,Brazil,Male,Data Analyst
Sophia Garcia,52,France,Male,Product Manager
Joseph Johnson,54,UK,Female,Graphic Designer
Ethan Hernandez,29,South Africa,Female,Doctor
Emma Smith,52,UK,Non-Binary,Sales Executive
James Davis,45,India,Female,Project Manager
Daniel Miller,48,Australia,Non-Binary,Graphic Designer
James Martinez,50,Canada,Non-Binary,Graphic Designer
John Jones,30,UK,Female,Product Manager
Emily Williams,63,South Africa,Non-Binary,Teacher
Andrew Williams,42,Australia,Non-Binary,Graphic Designer
Chris Martinez,31,France,Non-Binary,Project Manager
Joseph Smith,58,France,Female,Software Engineer
Olivia Brown,45,Japan,Female,Doctor
Michael Hernandez,25,UK,Non-Binary,Teacher
John Miller,38,South Africa,Non-Binary,Marketing Specialist
Emily Johnson,32,UK,Female,Doctor
Isabella Garcia,34,Australia,Non-Binary,Software Engineer
Andrew Martinez,27,Brazil,Male,Project Manager
Emily Brown,19,Canada,Female,Doctor
James Jones,34,Brazil,Female,Project Manager
Sarah Williams,43,Canada,Female,Doctor
Ethan Johnson,36,Germany,Male,Nurse
Sophia Davis,21,Japan,Female,Sales Executive
Sarah Garcia,43,Brazil,Non-Binary,Project Manager
Michael Martinez,49,Japan,Female,Project Manager
Anna Brown,65,USA,Female,Product Manager
Matthew Jones,30,India,Non-Binary,Data Analyst
Laura Miller,24,UK,Non-Binary,Graphic Designer
Mia Williams,59,UK,Male,Graphic Designer
Laura Hernandez,54,Canada,Non-Binary,Product Manager
Chris Johnson,32,South Africa,Male,Software Engineer
Sarah Johnson,56,USA,Male,Graphic Designer
David Smith,55,Brazil,Non-Binary,Project Manager
Daniel Johnson,61,Canada,Female,Nurse
Sarah Garcia,30,UK,Male,Product Manager
Emma Davis,59,Brazil,Male,Graphic Designer
John Brown,25,Brazil,Female,Sales Executive
Andrew Garcia,39,Australia,Male,Data Analyst
Matthew Miller,37,Germany,Non-Binary,Product Manager
Andrew Smith,49,USA,Female,Teacher
Daniel Miller,20,Australia,Female,Product Manager
Laura Smith,40,Australia,Female,Nurse
Andrew Martinez,37,UK,Female,Graphic Designer
Ava Davis,47,Germany,Female,Data Analyst
Joseph Miller,50,South Africa,Non-Binary,Nurse
Emily Miller,38,South Africa,Female,Marketing Specialist
Isabella Miller,19,India,Male,Sales Executive
Chris Smith,22,India,Female,Product Manager
James Jones,49,Canada,Non-Binary,Software Engineer
Mia Davis,18,Brazil,Non-Binary,Doctor
Daniel Davis,54,France,Female,Nurse
John Brown,26,Australia,Male,Software Engineer
James Miller,26,Japan,Female,Nurse
Matthew Garcia,56,Germany,Male,Marketing Specialist
James Garcia,19,UK,Female,Nurse
Mia Martinez,19,India,Female,Marketing Specialist
Olivia Miller,41,Japan,Male,Data Analyst
Ethan Miller,29,Australia,Female,Software Engineer
James Garcia,56,Japan,Non-Binary,Graphic Designer
James Williams,59,UK,Male,Data Analyst
David Martinez,58,India,Male,Project Manager
Joseph Jones,46,South Africa,Female,Data Analyst
Laura Williams,50,Germany,Non-Binary,Sales Executive
Chris Garcia,47,Brazil,Non-Binary,Product Manager
Anna Smith,27,UK,Female,Product Manager
Laura Davis,51,Germany,Non-Binary,Data Analyst
Anna Johnson,35,South Africa,Female,Nurse
Olivia Williams,19,Australia,Non-Binary,Project Manager
Ethan Garcia,38,Japan,Non-Binary,Data Analyst
Sarah Davis,49,UK,Non-Binary,Product Manager
Olivia Hernandez,58,UK,Female,Graphic Designer
Sarah Miller,30,India,Female,Marketing Specialist
Emma Johnson,21,Japan,Female,Project Manager
John Jones,28,India,Female,Teacher
Andrew Jones,22,Germany,Non-Binary,Graphic Designer
Matthew Garcia,65,France,Non-Binary,Software Engineer
Emily Garcia,55,Australia,Non-Binary,Teacher
James Williams,37,Canada,Male,Doctor
Laura Davis,49,France,Female,Teacher
Ethan Hernandez,29,Canada,Male,Teacher
Ava Smith,65,Germany,Female,Nurse
Michael Davis,62,Japan,Male,Teacher
Laura Miller,60,UK,Non-Binary,Product Manager
John Hernandez,60,France,Non-Binary,Teacher
John Williams,62,South Africa,Male,Product Manager
Andrew Hernandez,35,South Africa,Female,Doctor
Andrew Martinez,61,Australia,Female,Sales Executive
Daniel Johnson,58,Canada,Female,Teacher
Sarah Miller,55,Australia,Female,Doctor
Isabella Martinez,25,Canada,Non-Binary,Doctor
John Johnson,63,Germany,Non-Binary,Teacher
Anna Martinez,21,USA,Non-Binary,Project Manager
Ethan Martinez,18,Canada,Non-Binary,Doctor
Ava Davis,48,India,Male,Doctor
Sarah Martinez,33,USA,Non-Binary,Doctor
John Martinez,37,India,Female,Product Manager
Olivia Martinez,37,South Africa,Male,Nurse
Michael Hernandez,42,Brazil,Male,Data Analyst
Chris Brown,48,Canada,Male,Product Manager
Chris Jones,27,USA,Male,Product Manager
James Garcia,21,UK,Male,Nurse
Olivia Hernandez,38,South Africa,Non-Binary,Graphic Designer
Sophia Miller,45,Germany,Non-Binary,Teacher
David Johnson,27,UK,Female,Sales Executive
Emily Martinez,40,Canada,Female,Data Analyst
Matthew Brown,60,Australia,Non-Binary,Doctor
Joseph Miller,65,Canada,Male,Teacher
Ethan Brown,61,Japan,Female,Project Manager
Mia Garcia,60,UK,Female,Nurse
John Johnson,43,USA,Non-Binary,Data Analyst
Daniel Martinez,41,USA,Male,Doctor
Ethan Jones,35,Germany,Non-Binary,Marketing Specialist
Matthew Johnson,30,UK,Female,Project Manager
Chris Martinez,63,South Africa,Non-Binary,Product Manager
John Garcia,52,Japan,Male,Graphic Designer
Emily Smith,49,Canada,Male,Teacher
David Johnson,21,Canada,Male,Project Manager
Laura Davis,18,South Africa,Non-Binary,Teacher
James Davis,62,USA,Non-Binary,Graphic Designer
Emma Smith,60,UK,Male,Data Analyst
David Martinez,25,Germany,Non-Binary,Nurse
Emma Hernandez,59,India,Male,Data Analyst
Sophia Williams,29,India,Female,Software Engineer
Anna Davis,48,India,Female,Software Engineer
Sarah Davis,18,UK,Male,Product Manager
James Garcia,61,Australia,Male,Sales Executive
David Williams,23,Japan,Non-Binary,Doctor
Emma Davis,35,UK,Non-Binary,Marketing Specialist
David Johnson,42,South Africa,Male,Software Engineer
Chris Jones,18,UK,Male,Nurse
Emma Martinez,48,Germany,Non-Binary,Teacher
David Hernandez,35,India,Female,Project Manager
Joseph Jones,57,UK,Female,Marketing Specialist
Joseph Hernandez,44,France,Male,Sales Executive
Olivia Brown,20,Japan,Non-Binary,Sales Executive
Daniel Martinez,34,Canada,Male,Teacher
Olivia Hernandez,32,UK,Male,Graphic Designer
Ava Hernandez,46,Germany,Female,Sales Executive
Sophia Hernandez,47,UK,Female,Sales Executive
Sarah Brown,54,Canada,Female,Nurse
Olivia Hernandez,48,USA,Non-Binary,Sales Executive
Emma Hernandez,62,Brazil,Non-Binary,Teacher
Mia Hernandez,57,UK,Non-Binary,Doctor
Anna Brown,47,Japan,Male,Product Manager
Emma Hernandez,23,Canada,Male,Teacher
Ava Johnson,64,Canada,Male,Software Engineer
Isabella Jones,52,India,Male,Product Manager
John Miller,54,UK,Non-Binary,Software Engineer
Olivia Johnson,43,Canada,Female,Software Engineer
Emma Miller,25,India,Male,Project Manager
Mia Garcia,50,Australia,Female,Teacher
Olivia Williams,29,India,Male,Marketing Specialist
Isabella Williams,63,South Africa,Female,Graphic Designer
Ethan Hernandez,24,South Africa,Female,Graphic Designer
Isabella Hernandez,23,Canada,Female,Graphic Designer
Sarah Davis,19,Germany,Non-Binary,Nurse
David Brown,45,France,Female,Sales Executive
Emily Hernandez,31,South Africa,Male,Doctor
Chris Martinez,54,UK,Female,Data Analyst
Laura Johnson,42,France,Female,Data Analyst
Sophia Smith,46,India,Non-Binary,Doctor
Matthew Davis,44,France,Male,Software Engineer
Emily Miller,29,India,Female,Marketing Specialist
Laura Martinez,65,India,Male,Data Analyst
Ethan Davis,40,USA,Female,Software Engineer
Michael Miller,47,Canada,Male,Software Engineer
Sophia Garcia,20,Canada,Non-Binary,Teacher
Daniel Brown,41,Australia,Male,Doctor
Emma Miller,58,USA,Non-Binary,Sales Executive
Sarah Davis,59,Japan,Female,Sales Executive
Emma Smith,32,South Africa,Female,Marketing Specialist
Joseph Smith,24,France,Female,Data Analyst
Emily Johnson,63,France,Female,Project Manager
Matthew Garcia,59,Japan,Non-Binary,Nurse
Mia Martinez,63,Germany,Non-Binary,Software Engineer
Ava Miller,46,Canada,Non-Binary,Sales Executive
Emily Miller,38,UK,Non-Binary,Project Manager
Mia Williams,65,UK,Male,Product Manager
Joseph Martinez,56,Japan,Male,Product Manager
Chris Smith,64,South Africa,Non-Binary,Nurse
Sarah Smith,43,USA,Female,Teacher
Michael Davis,19,Canada,Male,Data Analyst
Olivia Hernandez,54,Canada,Male,Marketing Specialist
Emma Miller,44,UK,Female,Marketing Specialist
Matthew Hernandez,63,South Africa,Male,Marketing Specialist
Ava Brown,27,France,Non-Binary,Teacher
Chris Davis,18,Brazil,Non-Binary,Teacher
Joseph Hernandez,49,Brazil,Non-Binary,Software Engineer
James Martinez,23,India,Female,Marketing Specialist
John Davis,47,France,Female,Sales Executive
David Brown,62,Germany,Male,Marketing Specialist
Chris Brown,26,France,Male,Project Manager
Ethan Williams,32,Canada,Non-Binary,Nurse
Ava Brown,36,France,Non-Binary,Graphic Designer
Ava Brown,62,South Africa,Male,Data Analyst
David Brown,36,Canada,Male,Data Analyst
Ava Smith,18,Japan,Non-Binary,Marketing Specialist
Chris Jones,53,India,Female,Nurse
Sarah Johnson,25,Brazil,Non-Binary,Product Manager
Ava Davis,46,France,Female,Nurse
Isabella Brown,48,India,Male,Sales Executive
Laura Martinez,60,Japan,Male,Data Analyst
David Johnson,23,South Africa,Non-Binary,Sales Executive
Joseph Martinez,23,Germany,Female,Sales Executive
John Jones,18,South Africa,Female,Product Manager
Ava Martinez,39,France,Male,Data Analyst
Chris Brown,63,Canada,Male,Data Analyst
Ethan Johnson,46,Brazil,Male,Product Manager
Joseph Jones,25,Brazil,Male,Marketing Specialist
Sarah Hernandez,30,Brazil,Non-Binary,Doctor
John Hernandez,46,USA,Non-Binary,Software Engineer
David Miller,62,USA,Non-Binary,Nurse
Anna Miller,26,Japan,Non-Binary,Product Manager
Daniel Miller,37,Brazil,Male,Graphic Designer
Sarah Smith,25,Germany,Male,Doctor
Olivia Williams,57,India,Female,Software Engineer
John Miller,30,USA,Female,Product Manager
Olivia Davis,51,Brazil,Male,Nurse
Ava Johnson,44,Brazil,Male,Graphic Designer
Andrew Johnson,60,South Africa,Non-Binary,Product Manager
Emma Martinez,39,Germany,Male,Marketing Specialist
Mia Miller,22,UK,Female,Nurse
Sarah Brown,21,Germany,Non-Binary,Nurse
Michael Johnson,43,UK,Female,Teacher
Anna Brown,65,South Africa,Female,Graphic Designer
Chris Hernandez,45,Australia,Male,Software Engineer
Olivia Brown,50,Brazil,Female,Project Manager
Andrew Davis,43,India,Male,Marketing Specialist
Anna Davis,51,Australia,Male,Project Manager
Emma Brown,52,Australia,Female,Project Manager
Emma Johnson,25,Canada,Non-Binary,Doctor
Isabella Smith,57,UK,Male,Software Engineer
Isabella Martinez,37,India,Male,Project Manager
John Johnson,28,Australia,Male,Nurse
Joseph Johnson,25,India,Female,Teacher
Sarah Hernandez,51,Brazil,Female,Graphic Designer
Olivia Williams,19,Japan,Non-Binary,Sales Executive
John Williams,60,Australia,Male,Graphic Designer
Anna Martinez,60,UK,Male,Doctor
James Martinez,34,India,Non-Binary,Graphic Designer
Anna Smith,47,Brazil,Male,Nurse
Isabella Brown,50,France,Female,Software Engineer
Emma Williams,64,UK,Non-Binary,Teacher
Sophia Martinez,57,USA,Male,Marketing Specialist
Ava Hernandez,35,Australia,Female,Marketing Specialist
Mia Davis,55,India,Female,Graphic Designer
Mia Miller,31,USA,Male,Project Manager
Sarah Jones,31,USA,Male,Doctor
Mia Garcia,45,India,Male,Doctor
John Davis,37,USA,Non-Binary,Data Analyst
James Smith,33,USA,Male,Nurse
Laura Brown,36,USA,Male,Graphic Designer
Sarah Johnson,36,Germany,Non-Binary,Nurse
David Jones,61,UK,Female,Product Manager
David Hernandez,25,Brazil,Non-Binary,Teacher
Andrew Davis,65,France,Male,Marketing Specialist
Sophia Smith,54,France,Non-Binary,Nurse
John Williams,25,Japan,Male,Software Engineer
Olivia Martinez,26,Australia,Male,Software Engineer
Daniel Smith,41,Japan,Male,Project Manager
Ethan Hernandez,31,Brazil,Male,Doctor
Ethan Smith,48,India,Non-Binary,Teacher
James Martinez,54,USA,Female,Graphic Designer
Sophia Williams,29,Japan,Male,Nurse
Matthew Davis,58,Germany,Female,Teacher
Ava Jones,31,France,Male,Project Manager
Joseph Jones,58,Germany,Male,Data Analyst
Chris Garcia,50,India,Non-Binary,Software Engineer
Mia Johnson,57,UK,Male,Sales Executive
Matthew Brown,48,Brazil,Female,Teacher
Andrew Smith,18,France,Non-Binary,Software Engineer
Sarah Garcia,34,Germany,Non-Binary,Graphic Designer
Isabella Hernandez,55,Brazil,Male,Project Manager
Emma Davis,58,Australia,Female,Product Manager
Andrew Garcia,38,India,Female,Marketing Specialist
Daniel Williams,20,Brazil,Female,Software Engineer
Daniel Garcia,43,Japan,Non-Binary,Project Manager
Mia Hernandez,25,France,Male,Project Manager
Sarah Martinez,61,Canada,Female,Product Manager
Mia Martinez,34,Germany,Female,Software Engineer
Daniel Jones,61,UK,Non-Binary,Doctor
Sarah Davis,18,France,Non-Binary,Teacher
Anna Miller,61,Australia,Male,Product Manager
Matthew Martinez,59,Germany,Female,Project Manager
Mia Johnson,32,South Africa,Male,Data Analyst
Ava Smith,20,France,Non-Binary,Marketing Specialist
David Johnson,49,India,Female,Nurse
David Hernandez,29,Brazil,Female,Sales Executive
Sarah Jones,31,India,Male,Product Manager
Emma Williams,60,Germany,Male,Marketing Specialist
Michael Martinez,37,Australia,Non-Binary,Marketing Specialist
Sophia Martinez,20,USA,Male,Nurse
Joseph Jones,59,Japan,Female,Project Manager
Emma Martinez,49,India,Non-Binary,Teacher
Emma Johnson,57,USA,Male,Doctor
David Johnson,22,India,Male,Project Manager
Ava Hernandez,27,Brazil,Female,Graphic Designer
Sophia Johnson,29,Germany,Non-Binary,Product Manager
Olivia Miller,43,Canada,Female,Doctor
James Miller,47,UK,Male,Nurse
Andrew Williams,23,South Africa,Male,Teacher
Daniel Garcia,62,Brazil,Female,Teacher
Emma Davis,19,Brazil,Female,Software Engineer
Isabella Martinez,61,Germany,Female,Project Manager
Andrew Smith,34,India,Non-Binary,Nurse
Michael Smith,44,India,Male,Software Engineer
Daniel Martinez,19,UK,Male,Data Analyst
Ava Johnson,57,Japan,Female,Teacher
James Hernandez,34,Brazil,Female,Graphic Designer
Sarah Williams,44,USA,Non-Binary,Marketing Specialist
Sophia Williams,56,USA,Female,Teacher
Ethan Hernandez,48,Brazil,Male,Marketing Specialist
Andrew Hernandez,50,Canada,Non-Binary,Graphic Designer
Ava Davis,57,USA,Non-Binary,Marketing Specialist
John Williams,62,USA,Male,Data Analyst
Laura Garcia,53,Japan,Female,Nurse
Emma Williams,31,USA,Non-Binary,Project Manager
Laura Brown,47,France,Non-Binary,Sales Executive
Laura Martinez,38,South Africa,Female,Nurse
Ethan Martinez,44,USA,Non-Binary,Teacher
Ava Jones,38,USA,Female,Sales Executive
David Jones,19,Australia,Non-Binary,Software Engineer
John Smith,43,Japan,Female,Graphic Designer
James Jones,45,Canada,Male,Teacher
Joseph Hernandez,24,India,Male,Data Analyst
Laura Garcia,24,USA,Non-Binary,Project Manager
Chris Williams,31,UK,Male,Marketing Specialist
Ethan Smith,60,Japan,Female,Software Engineer
Sarah Jones,21,Germany,Male,Nurse
Laura Jones,28,France,Female,Sales Executive
Andrew Williams,57,Brazil,Female,Software Engineer
Sophia Brown,18,France,Male,Software Engineer
John Martinez,39,India,Female,Product Manager
David Hernandez,50,India,Female,Teacher
Matthew Miller,28,Brazil,Female,Data Analyst
John Garcia,20,Japan,Male,Data Analyst
Laura Brown,44,Brazil,Female,Graphic Designer
Andrew Hernandez,32,Australia,Female,Nurse
John Brown,58,Brazil,Male,Graphic Designer
Ethan Williams,41,South Africa,Non-Binary,Project Manager
Andrew Miller,46,France,Female,Data Analyst
Laura Garcia,64,Australia,Female,Nurse
Ava Garcia,60,India,Male,Doctor
Joseph Martinez,27,Japan,Male,Data Analyst
Anna Miller,38,Germany,Male,Data Analyst

